"","Category","Brands","Price","Rating","Review"
"1","Tablet","bersem Privacy Screen Protector Compatible with iPad Pro 12.9 (2022 & 2021 & 2020 & 2018 Models) Anti-Spy, Tempered Glass Film, EZ kit","16.","5.0 out of 5 stars","1  "
"2","Tablet","Tablet Stand Adjustable, Tablet Clamp Mount for Desk - Rotatable Tablet Holder with Clamp-on Base, Aluminium Alloy Tablet Arm Mount for 5.5-12.9'', Pad Air Pro Mini, Silver","79.","4.7 out of 5 stars","4  "
"3","Tablet","bersem Privacy Screen Protector Compatible with iPad Pro 11 Inch (2022&2021&2020&2018) & iPad Air 5th / 4th Generation (2022&2020) Anti-Spy Tempered Glass Film, EZ kit","15.","",""
"4","Tablet","iPhone 15 Charger USB C Wall Charger iPad Pro Charger Type C Charger Block 2 Pack with 2 Pack 6FT Cable for iPhone 15/15 Plus/15 Pro/15 Pro Max/iPad Pro/Mini/Air/Air4/AirPods/Samsung","8.","4.5 out of 5 stars","2,926  "
"5","Tablet","Ailun Screen Protector for iPad 9th 8th 7th Generation (10.2 Inch, iPad 9/8/7, 2021&2020&2019) Tempered Glass/Apple Pencil Compatible [2 Pack]","8.","4.6 out of 5 stars","32,558  "
"6","Tablet","apiker 2 Pack Screen Protector for iPad 9th 8th 7th Generation 10.2 Inch, Tempered Glass for iPad 9 8 7 (2021/2020/2019)","8.","4.6 out of 5 stars","47,562  "
"7","Tablet","Ailun 2 Pack Screen Protector for iPad 10th Generation 10.9 Inch Display 2022 Tempered Glass [Face ID & Apple Pencil Compatible] Ultra Sensitive Case Friendly [2 Pack]","6.","4.6 out of 5 stars","6,392  "
"8","Tablet","for iPad 9th Generation 2021/ iPad 8th Generation 2020/ iPad 7th Generation 2019 Case, iPad 10.2 Case iPad Cover 9th Generation -Black","8.","4.5 out of 5 stars","145,837  "
"9","Tablet","Stylus Pen for iPad 9th&10th Generation-2X Fast Charge Active Pencil Compatible with 2018-2023 Apple iPad Pro11&12.9'', iPad Air 3/4/5,iPad 6-10,iPad Mini 5/6 Gen-White","29.","4.4 out of 5 stars","86,037  "
"10","Tablet","2 Pack Screen Protector for iPad 10.9 10th Generation 2022 A2696/A2757/A2777, Tempered Glass Film Guard for 10.9"" iPad 10","6.","4.6 out of 5 stars","11,414  "
"11","Tablet","Lamicall Car Headrest Tablet Holder - [ Extension Arm] 2023 Adjustable Tablet Car Mount for Back Seat, Road Trip Essentials for Kids, for 4.7-11"" Tablet Like iPad Pro, Air, Mini, Galaxy, Fire, Black","22.","4.5 out of 5 stars","3,486  "
"12","Tablet","Phone 15 Charger [MFi Certified] 2 Pack 20W USB C Fast Wall Charger Block with 2 Pack 6 FT USB-C to C Cable for iPhone 15/iPad Series, Galaxy, AirPods Pro","9.","4.6 out of 5 stars","499  "
"13","Tablet","bersem Privacy Screen Protector Compatible with iPad (10.2-Inch, 2021/2020/2019 Model, 9th / 8th / 7th Generation) Anti-Spy, Tempered Glass Film, EZ kit","15.","5.0 out of 5 stars","2  "
"14","Tablet","Tablet Holder car headrest, Adjustable Tablet Car Mount for Back Seat, Kids Road Trip Essentials, car ipad holderSuitable for 4.7-11 Inch Tablets","14.","4.5 out of 5 stars","2  "
"15","Tablet","Tablet Wall Mount - 360° Rotatable, Universal Holder for 4.7-13 Inch Tablet, Ideal for Kitchen, Bathroom, Bedroom, Reading Room","14.","",""
"16","Tablet","Tablet Stand Holder, Mount Holder Clip with Grip Flexible Long Arm Gooseneck Compatible with ipad iPhone/Nintendo Switch/Samsung Galaxy Tabs/Amazon Kindle Fire HD - Black (Black)","24.","4.3 out of 5 stars","13,821  "
"17","Tablet","STREBITO Electronics Precision Screwdriver Sets 142-Piece with 120 Bits Magnetic Repair Tool Kit for iPhone, MacBook, Computer, Laptop, PC, Tablet, PS4, Xbox, Nintendo, Game Console","27.","4.8 out of 5 stars","13,173  "
"18","Tablet","Stylus Pen for iPad W/Palm Rejection&Tilt, 13 Mins Fully Charged, MEKO Apple Pencil iPad Pen for iPad 6-10,iPad Pro12.9&11"",iPad Air3/4/5,iPad mini5/6","16.","4.6 out of 5 stars","2,264  "
"19","Tablet","Stylus Pen for iPad, 13 mins Fast Charging Apple iPad Pencil with Palm Rejection, Tilt Sensitivity, Work for 2018-2023 iPad Air 3/4/5, iPad Mini 5/6, iPad 6/7/8/9/10, iPad Pro 11"", iPad Pro 12.9""","19.","4.6 out of 5 stars","3,123  "
"20","Tablet","OMOTON Screen Protector for iPad Air 5th 4th Generation (Air 5/4, 10.9 Inch, 2022/2020) iPad Pro 11 Inch All Models Tablet - Tempered Glass, Face ID & Apple Pencil Compatible, 2 Pack","8.","4.7 out of 5 stars","28,506  "
"21","Tablet","Lamicall Tablet Stand, Adjustable Tablet Holder - Desktop Stand Dock Holder Compatible with 4-13"" Tablet Such as iPad Pro 11, 9.7, 10.5, 12.9 Air Mini 4 3 2, Nexus, Tab, Silver","15.","4.8 out of 5 stars","68,470  "
"22","Tablet","D DINGRICH iPad Case 10.2 with Keyboard 2021, Built-in Pencil Holder - iPad Keyboard Case 9th/8th/7th Generation - Gold Sand Pattern","21.","4.2 out of 5 stars","2,136  "
"23","Tablet","SEYMAC stock iPad 9th/ 8th/ 7th Generation Case 10.2’’, Shockproof with Screen Protector Pencil Holder 360° Rotating Hand Strap &Stand, for 10.2 inch 2021/2020/2019 (Black)","27.","4.6 out of 5 stars","33,566  "
"24","Tablet","Metapen iPad Pencil A8 for Apple iPad 10th/9th, Backup for Apple Pen Pencil 2nd 1st Generation, Stylus Pen for iPad Air 5/4/3, iPad Pro 12.9"" /11"" 丨2X Faster Charge & 2 Spare Tips, Palm Rejection","22.","4.4 out of 5 stars","12,886  "
"25","Tablet","Stylus Pen for iPad,35 Mins Fast Charging for Apple iPad Pencil,Palm Rejection, Tilt Sensitivity, Work for 2018-2023 Apple iPad Pro 11/12.9 inch,iPad 6-10, iPad Air 3/4/5, iPad Mini 5/6","11.","4.2 out of 5 stars","311  "
"26","Tablet","Akkerds Case Compatible with iPad 10.2 Inch 2021/2020 iPad 9th/8th Generation & 2019 iPad 7th Generation with Pencil Holder, Protective Case with Soft TPU Back, Auto Sleep/Wake Cover, Sky Blue","8.","4.6 out of 5 stars","29,598  "
"27","Tablet","Webcam Cover (3 Pack), 0.03 inch Ultra Thin Laptop Camera Cover Slide for iPhone iPad MacBook Pro Computer iMac Cell Phone PC Accessories Camera Blocker Slider, Great for Privacy - Black","3.","4.3 out of 5 stars","11,866  "
"28","Tablet","MoKo Case for iPad 10th Generation 10.9 inch 2022, Slim Stand Protective Cover with Hard PC Translucent Back Shell Cover for iPad 10th Gen 2022, Support Touch ID, Auto Wake/Sleep, Navy Blue","8.","4.6 out of 5 stars","10,133  "
"29","Tablet","Ailun 2 Pack Screen Protector for iPad Pro 12.9 2022 6th & 2021 5th 2020 4th Generation + Camera Lens Protector,Tempered Glass Anti-Scratch Case Friendly, Compatible with Face ID Apple Pencil","12.","4.7 out of 5 stars","7,776  "
"30","Tablet","iPhone 15 Charger Fast Charging - [MFi Certified] 2 Pack 20W PD USB C Wall Charger Block and 10ft Type C to C Cable for iPhone 15/15 Pro/15 Pro Max, iPad Pro, iPad Air 5/4, iPad 10/Mini 6","8.","4.4 out of 5 stars","999  "
"31","Tablet","bersem Screen Protector Compatible with iPad 9th/8th/7th 10.2 Inch (2021&2020&2019 Models) Tempered Glass, Ultra Clear, Anti-Scratche, Case Friendly, EZ Kit, 1 Pack","11.","",""
"32","Tablet","Upgraded Magnetic Tablet Stand for iPad Pro 12.9 Inch 360° Adjustable Rotating Desktop Holder Stand for Apple iPad Pro 12.9 Inch 3rd/4th/5th/6th, Foldable, Premium Aluminium, Space Gray","79.","4.5 out of 5 stars","2  "
"33","Tablet","bersem Screen Protector Compatible with iPad Pro 12.9 Inch (2022 &2021&2020&2018 Models) Tempered Glass, Ultra Clear, Anti-Scratche, Case Friendly, EZ Kit, 1 Pack","12.","",""
"34","Storage","Apple MFi Certified Photo Stick for iPhone 512GB Flash Drive for iPhone, USB Flash Drive for iPhone Thumb Drive, iPhone-Memory-Stick for iPad/iPhone/Computer Picture Keeper Portable Hard Drive-Silver","59.","4.3 out of 5 stars","420  "
"35","Storage","32GB 10 Pack USB Flash Drives Gradient Color USB 2.0 Memory Stick Wholesale Bulk Swivel Design Thumb Drive for Data Storage","27.","4.4 out of 5 stars","977  "
"36","Storage","100 Pack USB Flash Drives Bulk 2.0 USB Thumb Drives Memory Jump Drive with LED Light Portable Keychain Flash Drive for Data Storage Pc Computer Laptop Office School (8 GB)","153.","2.0 out of 5 stars","7  "
"37","Storage","Toshiba Canvio Basics 2TB Portable External Hard Drive USB 3.0, Black - HDTB520XK3AA","64.","4.7 out of 5 stars","75,997  "
"38","Storage","Seagate Portable 2TB External Hard Drive HDD — USB 3.0 for PC, Mac, PlayStation, & Xbox -1-Year Rescue Service (STGX2000400)","70.","4.7 out of 5 stars","244,256  "
"39","Storage","SAMSUNG 990 PRO Series - 2TB PCIe Gen4. X4 NVMe 2.0c - M.2 Internal SSD (MZ-V9P2T0B/AM)","179.","4.8 out of 5 stars","5,498  "
"40","Storage","Samsung 870 EVO SATA III SSD 1TB 2.5” Internal Solid State Drive, Upgrade PC or Laptop Memory and Storage for IT Pros, Creators, Everyday Users, MZ-77E1T0B/AM","89.","4.8 out of 5 stars","37,314  "
"41","Storage","SanDisk 2TB Extreme Portable SSD - Up to 1050MB/s, USB-C, USB 3.2 Gen 2, IP65 Water and Dust Resistance, Updated Firmware - External Solid State Drive - SDSSDE61-2T00-G25","159.","4.6 out of 5 stars","58,086  "
"42","Storage","Amazon Basics 128 GB Ultra Fast USB 3.1 Flash Drive, Black","15.","4.6 out of 5 stars","10,708  "
"43","Storage","SAMSUNG 980 PRO SSD 2TB PCIe NVMe Gen 4 Gaming M.2 Internal Solid State Drive Memory Card + 2mo Adobe CC Photography, Maximum Speed, Thermal Control MZ-V8P2T0B/AM","169.","4.8 out of 5 stars","38,227  "
"44","Storage","Western Digital WD_BLACK 2TB SN770 NVMe Internal Gaming SSD Solid State Drive - Gen4 PCIe, M.2 2280, Up to 5,150 MB/s - WDS200T3X0E","139.","4.8 out of 5 stars","13,763  "
"45","Storage","SAMSUNG T7 Shield 4TB Portable SSD - 1050MB/s, Rugged, Water & Dust Resistant, for Content Creators - Black","299.","4.7 out of 5 stars","11,116  "
"46","Storage","64GB Flash Drive 10 Pack USB Flash Drives Thumb Drive High Capacity USB 2.0 Memory Stick 64 GB Jump Drive Pen Drive Zip Drive High Speed for Data Storage","35.","4.5 out of 5 stars","6,557  "
"47","Storage","10 Pack Flash Drive 128MB Bulk USB 2.0 Memory Sticks, Swivel Thumb Drives 128 MB Red Pen Drive for Small Data Storage, Zip Drive Multipack Jump Drive Embroidery Machine Promotional Gift by FEBNISCTE","18.","4.5 out of 5 stars","4,378  "
"48","Storage","USB Flash Drive 1000 GB USB 3.0 High Speed USB Drive 1000 GB Portable Thumb Drive with Keychain for PC/Computers/Laptops/Data Storage","25.","4.4 out of 5 stars","15  "
"49","Storage","SAMSUNG SSD T7 Portable External Solid State Drive 1TB, Up to USB 3.2 Gen 2, Reliable Storage for Gaming, Students, Professionals, MU-PC1T0T/AM, Gray","99.","4.8 out of 5 stars","30,899  "
"50","Storage","Seagate Storage Expansion Card 2TB Solid State Drive - NVMe SSD for Xbox Series X|S, Quick Resume, Plug & Play, Licensed (STJR2000400)","245.","4.8 out of 5 stars","3,630  "
"51","Storage","WD_BLACK 2TB SN850X NVMe Internal Gaming SSD Solid State Drive - Gen4 PCIe, M.2 2280, Up to 7,300 MB/s - WDS200T2X0E","156.","4.8 out of 5 stars","15,997  "
"52","Storage","WD 5TB Elements Portable HDD, External Hard Drive, USB 3.0 for PC & Mac, Plug and Play Ready - WDBU6Y0050BBK-WESN","129.","4.7 out of 5 stars","268,765  "
"53","Storage","Western Digital 2TB SN850P NVMe M.2 SSD Officially Licensed Storage Expansion for PS5 Consoles, up to 7,300MB/s, with heatsink - WDBBYV0020BNC-WRSN","199.","4.8 out of 5 stars","8,999  "
"54","Storage","SanDisk 64GB 2-Pack Ultra USB 3.0 Flash Drive (2x64GB) - SDCZ48-064G-GAM462, Black","15.","4.7 out of 5 stars","34,015  "
"55","Storage","Samsung Type-C™ USB Flash Drive, 256GB, Transfers 4GB Files in 11 Secs w/Up to 400MB/s 3.13 Read Speeds, Compatible w/USB 3.0/2.0, Waterproof, 2022, Blue, MUF-256DA/AM","24.","4.6 out of 5 stars","7,855  "
"56","Storage","Crucial P3 Plus 2TB PCIe Gen4 3D NAND NVMe M.2 SSD, up to 5000MB/s - CT2000P3PSSD8","115.","4.7 out of 5 stars","13,076  "
"57","Storage","WD_Black 1TB C50 Expansion Card, Officially Licensed for Xbox – Quick Resume, Plug & Play, NVMe SSD Expansion for Xbox Series X|S Gaming Consoles - WDBMPH0010BNC-WCSN","139.","4.8 out of 5 stars","2,920  "
"58","Storage","Kingston NV2 1TB M.2 2280 NVMe Internal SSD | PCIe 4.0 Gen 4x4 | Up to 3500 MB/s | SNV2S/1000G","60.","4.7 out of 5 stars","17,459  "
"59","Storage","SAMSUNG T9 Portable SSD 4TB, USB 3.2 Gen 2x2 External Solid State Drive, Seq. Read Speeds Up to 2,000MB/s for Gaming, Students and Professionals,MU-PG4T0B/AM, Black (Pack of 1)","329.","4.7 out of 5 stars","370  "
"60","Storage","Crucial MX500 1TB 3D NAND SATA 2.5 Inch Internal SSD, up to 560MB/s - CT1000MX500SSD1","69.","4.7 out of 5 stars","101,557  "
"61","Storage","Crucial T500 2TB Gen4 NVMe M.2 Internal Gaming SSD, Up to 7400MB/s, Laptop & Desktop Compatible + 1mo Adobe CC All Apps - CT2000T500SSD8","139.","4.8 out of 5 stars","18,015  "
"62","Storage","Yubico - YubiKey 5C NFC - Two-Factor authentication (2FA) Security Key, Connect via USB-C or NFC, FIDO Certified - Protect Your Online Accounts","55.","4.6 out of 5 stars","3,854  "
"63","Storage","Seagate IronWolf 8TB NAS Internal Hard Drive HDD – 3.5 Inch SATA 6Gb/s 7200 RPM 256MB Cache for RAID Network Attached Storage – Frustration Free Packaging (ST8000VNZ04/N004)","159.","4.6 out of 5 stars","27,407  "
"64","Storage","Kingston IronKey Vault Privacy 80 1.92TB External SSD | FIPS 197 | XTS-AES 256GB Encrypted | Touch Screen PIN | Secure Data Protection | IKVP80ES/1920G","269.","4.2 out of 5 stars","24  "
"65","Storage","MOSDART 64GB USB Flash Drive 5 Pack, 64 GB Pastel Multicolor Multipack USB2.0 Thumb Drives, Swivel Design with LED Light, exFAT Jump Drive Memory Stick Pen Drive for Computers, Data Storage","25.","4.6 out of 5 stars","13,772  "
"66","Storage","1TB USB Flash Drive, Portable High Speed USB Thumb Drive Memory Stick, Waterproof Jump Drive Pen Drive Large Data Storage Come with Keychain","29.","4.7 out of 5 stars","42  "
